"Defox Extensions","Rozszerzenia Defox"
"SEO Suite Lite","SEO Suite Lite"
"Template Type","Typ szablonu"
"Meta Title","Meta Tytuł"
"Meta Description","Meta Opis"
"Meta Keywords","Meta Słowa kluczowe"
"Meta Robots","Meta Robots"
"Open Graph","Open Graph"
"Template Name","Nazwa szablonu"
"Entity Type","Typ encji"
"Store View","Widok sklepu"
"Priority","Priorytet"
"Status","Status"
"Higher value means higher priority","Wyższa wartość oznacza wyższy priorytet"
"Meta Title Template","Szablon Meta Tytułu"
"Meta Description Template","Szablon Meta Opisu"
"Meta Keywords Template","Szablon Meta Słów kluczowych"
"Meta Robots Template","Szablon Meta Robots"
"Open Graph Templates","Szablony Open Graph"
"Template","Szablon"
"Use variables like {{product.name}}, {{category.name}}, {{store.name}}. Max recommended length: 60 characters.","Użyj zmiennych takich jak {{product.name}}, {{category.name}}, {{store.name}}. Maksymalna zalecana długość: 60 znaków."
"Use variables like {{product.name}}, {{product.description}}, {{category.name}}. Max recommended length: 160 characters.","Użyj zmiennych takich jak {{product.name}}, {{product.description}}, {{category.name}}. Maksymalna zalecana długość: 160 znaków."
"Use variables like {{product.name}}, {{category.name}}. Separate keywords with commas.","Użyj zmiennych takich jak {{product.name}}, {{category.name}}. Rozdziel słowa kluczowe przecinkami."
"OG Title Template","Szablon OG Tytułu"
"OG Description Template","Szablon OG Opisu"
"OG Type Template","Szablon OG Typu"
"OG Image Template","Szablon OG Obrazu"
"Use variables like {{product.name}}, {{category.name}}, {{store.name}}","Użyj zmiennych takich jak {{product.name}}, {{category.name}}, {{store.name}}"
"Use variables like {{product.description}}, {{category.description}}","Użyj zmiennych takich jak {{product.description}}, {{category.description}}"
"Use variables like {{product.image}}, {{category.image}} or specify a full URL","Użyj zmiennych takich jak {{product.image}}, {{category.image}} lub podaj pełny URL"
"Conditions (Advanced)","Warunki (Zaawansowane)"
"Conditions","Warunki"
"Available Variables","Dostępne zmienne"
"General Information","Informacje ogólne"
"General Settings","Ustawienia ogólne"
"Enable Module","Włącz moduł"
"Enable or disable the entire module","Włącz lub wyłącz cały moduł"
"Debug Mode","Tryb debugowania"
"Enable for additional logging and debugging information","Włącz dla dodatkowych informacji logowania i debugowania"
"Cache Settings","Ustawienia pamięci podręcznej"
"Enable Cache","Włącz pamięć podręczną"
"Włącz lub wyłącz pamięć podręczną SEO Suite Lite","Włącz lub wyłącz pamięć podręczną SEO Suite Lite"
"Cache Lifetime (seconds)","Czas życia pamięci podręcznej (sekundy)"
"Default cache lifetime in seconds. Set to 0 for no expiration.","Domyślny czas życia pamięci podręcznej w sekundach. Ustaw na 0 dla braku wygasania."
"Cache Backend","Backend pamięci podręcznej"
"Select cache storage backend","Wybierz backend przechowywania pamięci podręcznej"
"Canonical URLs","Adresy kanoniczne"
"Enable Canonical URLs","Włącz adresy kanoniczne"
"Enable or disable canonical URL generation","Włącz lub wyłącz generowanie adresów kanonicznych"
"Use for Products","Użyj dla produktów"
"Enable canonical URLs for product pages","Włącz adresy kanoniczne dla stron produktów"
"Use for Categories","Użyj dla kategorii"
"Enable canonical URLs for category pages","Włącz adresy kanoniczne dla stron kategorii"
"Use for CMS Pages","Użyj dla stron CMS"
"Enable canonical URLs for CMS pages","Włącz adresy kanoniczne dla stron CMS"
"Structured Data","Dane strukturalne"
"Enable Structured Data","Włącz dane strukturalne"
"Enable or disable structured data generation","Włącz lub wyłącz generowanie danych strukturalnych"
"Organization Schema","Schemat organizacji"
"Enable Organization schema","Włącz schemat organizacji"
"Website Schema","Schemat strony internetowej"
"Enable Website schema","Włącz schemat strony internetowej"
"Breadcrumbs Schema","Schemat okruszków"
"Enable Breadcrumbs schema","Włącz schemat okruszków"
"Product Schema","Schemat produktu"
"Enable Product schema","Włącz schemat produktu"
"Business Information","Informacje o firmie"
"Company Name","Nazwa firmy"
"Your business name for structured data","Nazwa Twojej firmy dla danych strukturalnych"
"Company Logo","Logo firmy"
"Logo for structured data and social media","Logo dla danych strukturalnych i mediów społecznościowych"
"Street Address","Adres ulicy"
"Street address for structured data","Adres ulicy dla danych strukturalnych"
"City","Miasto"
"City for structured data","Miasto dla danych strukturalnych"
"Region/State","Region/Województwo"
"Region/State for structured data","Region/Województwo dla danych strukturalnych"
"Postal Code","Kod pocztowy"
"Postal code for structured data","Kod pocztowy dla danych strukturalnych"
"Country","Kraj"
"Country for structured data","Kraj dla danych strukturalnych"
"Phone Number","Numer telefonu"
"Phone number for structured data","Numer telefonu dla danych strukturalnych"
"Email","Email"
"Email address for structured data","Adres email dla danych strukturalnych"
"Social Profiles","Profile społecznościowe"
"Facebook","Facebook"
"Facebook profile URL","URL profilu Facebook"
"Twitter/X","Twitter/X"
"Twitter/X profile URL","URL profilu Twitter/X"
"Instagram","Instagram"
"Instagram profile URL","URL profilu Instagram"
"LinkedIn","LinkedIn"
"LinkedIn profile URL","URL profilu LinkedIn"
"YouTube","YouTube"
"YouTube channel URL","URL kanału YouTube"
"Pinterest","Pinterest"
"Pinterest profile URL","URL profilu Pinterest"
"Site Verification","Weryfikacja witryny"
"Google Verification Code","Kod weryfikacyjny Google"
"Google Search Console verification code","Kod weryfikacyjny Google Search Console"
"Bing Verification Code","Kod weryfikacyjny Bing"
"Bing Webmaster Tools verification code","Kod weryfikacyjny Bing Webmaster Tools"
"Yandex Verification Code","Kod weryfikacyjny Yandex"
"Yandex Webmaster verification code","Kod weryfikacyjny Yandex Webmaster"
"Pinterest Verification Code","Kod weryfikacyjny Pinterest"
"Pinterest verification code","Kod weryfikacyjny Pinterest"
"XML Sitemap","Mapa witryny XML"
"Enable Enhanced XML Sitemap","Włącz rozszerzoną mapę witryny XML"
"Enable enhanced XML sitemap features","Włącz rozszerzone funkcje mapy witryny XML"
"Include Images","Dołącz obrazy"
"Include product images in the XML sitemap","Dołącz obrazy produktów do mapy witryny XML"
"Include Tags","Dołącz tagi"
"Include product tags in the XML sitemap","Dołącz tagi produktów do mapy witryny XML"
"Include Hreflang in Sitemap","Dołącz Hreflang do mapy witryny"
"Include hreflang attributes in the XML sitemap","Dołącz atrybuty hreflang do mapy witryny XML"
"List of URLs to exclude from the XML sitemap, one per line","Lista adresów URL do wykluczenia z mapy witryny XML, po jednym w wierszu"
"Meta Tag Templates","Szablony meta tagów"
"Enable Meta Tag Templates","Włącz szablony meta tagów"
"Enable or disable meta tag templates","Włącz lub wyłącz szablony meta tagów"
"Product Title Template","Szablon tytułu produktu"
"Template for product page titles. Use variables like {{product_name}}, {{category_name}}, {{store_name}}","Szablon dla tytułów stron produktów. Użyj zmiennych takich jak {{product_name}}, {{category_name}}, {{store_name}}"
"Product Meta Description Template","Szablon meta opisu produktu"
"Template for product meta descriptions. Use variables like {{product_name}}, {{short_description}}, {{price}}","Szablon dla meta opisów produktów. Użyj zmiennych takich jak {{product_name}}, {{short_description}}, {{price}}"
"Category Title Template","Szablon tytułu kategorii"
"Template for category page titles. Use variables like {{category_name}}, {{parent_category}}, {{store_name}}","Szablon dla tytułów stron kategorii. Użyj zmiennych takich jak {{category_name}}, {{parent_category}}, {{store_name}}"
"Category Meta Description Template","Szablon meta opisu kategorii"
"Template for category meta descriptions. Use variables like {{category_name}}, {{category_description}}","Szablon dla meta opisów kategorii. Użyj zmiennych takich jak {{category_name}}, {{category_description}}"
"Maximum Links Per Page","Maksymalna liczba linków na stronie"
"Exclude CSS Selectors","Wyklucz selektory CSS"
"Open Links in New Window","Otwieraj linki w nowym oknie"
"JPEG Quality","Jakość JPEG"
"JPEG compression quality (1-100)","Jakość kompresji JPEG (1-100)"
"PNG Compression","Kompresja PNG"
"PNG compression level (0-9)","Poziom kompresji PNG (0-9)"
"Add Image Dimensions","Dodaj wymiary obrazów"
"Automatically add width and height attributes to image tags","Automatycznie dodawaj atrybuty szerokości i wysokości do tagów obrazów"
"Use Lazy Loading","Użyj ładowania opóźnionego"
"Add native lazy loading to images","Dodaj natywne ładowanie opóźnione do obrazów"
"Hreflang Tags","Tagi Hreflang"
"Enable Hreflang Tags","Włącz tagi Hreflang"
"Enable or disable hreflang tag generation","Włącz lub wyłącz generowanie tagów hreflang"
"Use Store Codes as Hreflang","Użyj kodów sklepów jako Hreflang"
"Use store codes as hreflang values","Użyj kodów sklepów jako wartości hreflang"
"X-Default Store View","Widok sklepu X-Default"
"Select the store view to use for x-default hreflang","Wybierz widok sklepu do użycia dla hreflang x-default"
"Dashboard","Pulpit"
"Sitemap Management","Zarządzanie mapą witryny"
"Cache Management","Zarządzanie pamięcią podręczną"
"SEO Analytics","Analityka SEO"
"Configuration","Konfiguracja"
"Defox SEO Suite Lite","Defox SEO Suite Lite"
"Konfiguracja Defox SEO Suite Lite","Konfiguracja Defox SEO Suite Lite"
"Manage XML sitemaps for better search engine visibility","Zarządzaj mapami witryny XML dla lepszej widoczności w wyszukiwarkach"
"Current Status","Aktualny status"
"Enabled","Włączone"
"Disabled","Wyłączone"
"Global Status","Status globalny"
"Active Stores","Aktywne sklepy"
"of %1 total","z %1 łącznie"
"Ready","Gotowe"
"Needs Setup","Wymaga konfiguracji"
"Sitemap Disabled","Mapa witryny wyłączona"
"Sitemap generation is globally disabled","Generowanie mapy witryny jest globalnie wyłączone"
"Enable in Settings","Włącz w ustawieniach"
"No Active Stores","Brak aktywnych sklepów"
"No stores have sitemap generation enabled","Żaden sklep nie ma włączonego generowania mapy witryny"
"Configure Stores","Konfiguruj sklepy"
"Configuration Complete","Konfiguracja zakończona"
"Sitemap is properly configured for %1 store(s)","Mapa witryny jest poprawnie skonfigurowana dla %1 sklepu/ów"
"Generate Sitemap","Generuj mapę witryny"
"Enabled Stores","Włączone sklepy"
"Stores with sitemap generation enabled","Sklepy z włączonym generowaniem mapy witryny"
"Generate","Generuj"
"Management Tools","Narzędzia zarządzania"
"Tools for sitemap generation, validation and analysis","Narzędzia do generowania, walidacji i analizy mapy witryny"
"Create XML sitemaps for your stores","Twórz mapy witryny XML dla swoich sklepów"
"Validate Sitemap","Waliduj mapę witryny"
"Validate existing sitemaps for SEO compliance","Waliduj istniejące mapy witryny pod kątem zgodności z SEO"
"Analytics & Reports","Analityka i raporty"
"View generation statistics and performance","Wyświetl statystyki generowania i wydajność"
"Settings","Ustawienia"
"Configure sitemap generation options","Konfiguruj opcje generowania mapy witryny"
"Create XML sitemaps for your stores with customizable options","Twórz mapy witryny XML dla swoich sklepów z konfigurowalnymi opcjami"
"Configuration Warnings","Ostrzeżenia konfiguracji"
"Go to Settings","Przejdź do ustawień"
"Manual Sitemap Generation","Ręczne generowanie mapy witryny"
"Generate XML sitemaps for selected stores. Estimated time: %1","Generuj mapy witryny XML dla wybranych sklepów. Szacowany czas: %1"
"Store Selection","Wybór sklepów"
"Choose which stores to generate sitemaps for","Wybierz sklepy, dla których generować mapy witryny"
"No active stores found.","Nie znaleziono aktywnych sklepów."
"Select All Stores","Wybierz wszystkie sklepy"
"(Sitemap disabled for this store)","(Mapa witryny wyłączona dla tego sklepu)"
"Generation Options","Opcje generowania"
"Configure how sitemaps should be generated","Skonfiguruj sposób generowania map witryny"
"Force Regeneration","Wymuś regenerację"
"Regenerate even if sitemap files already exist","Regeneruj nawet jeśli pliki mapy witryny już istnieją"
"Ping Search Engines","Powiadom wyszukiwarki"
"Notify Google and Bing about updated sitemaps","Powiadom Google i Bing o zaktualizowanych mapach witryny"
"Validate After Generation","Waliduj po generowaniu"
"Automatically validate generated sitemaps","Automatycznie waliduj wygenerowane mapy witryny"
"Add product images to sitemap","Dodaj obrazy produktów do mapy witryny"
"Include Hreflang","Dołącz Hreflang"
"Add language alternatives to sitemap","Dodaj alternatywy językowe do mapy witryny"
"Generation Progress","Postęp generowania"
"Initializing...","Inicjalizowanie..."
"Processing: ","Przetwarzanie: "
"Generation Results","Rezultaty generowania"
"No Stores Selected","Nie wybrano sklepów"
"Please select at least one store or leave all unchecked to generate for all stores.","Wybierz co najmniej jeden sklep lub pozostaw wszystkie niezaznaczone, aby generować dla wszystkich sklepów."
"Generating...","Generowanie..."
"Cancel","Anuluj"
"Starting generation...","Rozpoczynanie generowania... Nie zamykaj okna, nie przeładowuj strony!"
"Generation completed","Generowanie zakończone"
"Stores processed: ","Przetworzonych sklepów: "
"Files generated: ","Wygenerowanych plików: "
"Success rate: ","Wskaźnik sukcesu: "
"Errors: ","Błędów: "
"Store","Sklep"
"Files","Pliki"
"Duration","Czas trwania"
"Message","Wiadomość"
"Success","Sukces"
"Error","Błąd"
"Generation failed: ","Generowanie nie powiodło się: "
"Request timeout. Generation might still be running in background.","Przekroczenie czasu żądania. Generowanie może nadal działać w tle."
"Unknown error occurred","Wystąpił nieznany błąd"
"Generation Error","Błąd generowania"
"Sitemap Analytics & Reports","Analityka i raporty mapy witryny"
"Welcome to Sitemap Management","Witaj w zarządzaniu mapą witryny"
"Generate your first sitemap to start seeing analytics and reports here.","Wygeneruj pierwszą mapę witryny, aby rozpocząć wyświetlanie analityk i raportów tutaj."
"Generate First Sitemap","Wygeneruj pierwszą mapę witryny"
"Configure Settings","Konfiguruj ustawienia"
"Key Performance Indicators","Kluczowe wskaźniki wydajności"
"Statistics for the last 30 days","Statystyki z ostatnich 30 dni"
"Refresh Data","Odśwież dane"
"Total Generations","Łączne generowania"
"Last 30 days","Ostatnie 30 dni"
"Success Rate","Wskaźnik sukcesu"
"Total URLs","Łączne URL-e"
"Generated","Wygenerowane"
"Avg Duration","Średni czas trwania"
"seconds","sekundy"
"Trends & Analytics","Trendy i analityka"
"Generation Timeline","Oś czasu generowania"
"Daily generation activity over the last 30 days","Dzienna aktywność generowania w ciągu ostatnich 30 dni"
"Performance Trends","Trendy wydajności"
"Generation duration and file size trends","Trendy czasu trwania generowania i rozmiarów plików"
"Loading chart data...","Ładowanie danych wykresu..."
"Loading performance data...","Ładowanie danych wydajności..."
"Recent Generation History","Ostatnia historia generowania"
"Load More","Załaduj więcej"
"Loading recent activity...","Ładowanie ostatniej aktywności..."
"Generate Now","Generuj teraz"
"Check sitemap quality and compliance","Sprawdź jakość i zgodność mapy witryny"
"Validate","Waliduj"
"Adjust sitemap generation options","Dostosuj opcje generowania mapy witryny"
"View generation statistics and performance metrics","Wyświetl statystyki generowania i metryki wydajności"
"Comprehensive sitemap validation with detailed analysis and recommendations","Kompleksowa walidacja mapy witryny ze szczegółową analizą i rekomendacjami"
"Upload File","Prześlij plik"
"Validate URL","Waliduj URL"
"Current Sitemap","Bieżąca mapa witryny"
"Validation Options","Opcje walidacji"
"Show Advanced Options","Pokaż opcje zaawansowane"
"Basic Validation","Podstawowa walidacja"
"Advanced Validation","Zaawansowana walidacja"
"Advanced Settings","Ustawienia zaawansowane"
"Upload Sitemap File","Prześlij plik mapy witryny"
"Upload XML or GZ sitemap files up to %1MB","Prześlij pliki map witryny XML lub GZ do %1MB"
"Drop your sitemap file here","Upuść tutaj plik mapy witryny"
"or click to browse","lub kliknij, aby przeglądać"
"Supported formats: %1","Obsługiwane formaty: %1"
"Remove File","Usuń plik"
"Validate Uploaded File","Waliduj przesłany plik"
"Validate Sitemap from URL","Waliduj mapę witryny z URL"
"Enter the complete URL to your sitemap file","Wprowadź pełny URL do pliku mapy witryny"
"Sitemap URL","URL mapy witryny"
"Check URL","Sprawdź URL"
"Validate from URL","Waliduj z URL"
"Validate Current Sitemap","Waliduj bieżącą mapę witryny"
"Select a store to validate its currently generated sitemap","Wybierz sklep, aby walidować jego aktualnie wygenerowaną mapę witryny"
"Select Store","Wybierz sklep"
"-- Select Store --","-- Wybierz sklep --"
"(Disabled)","(Wyłączone)"
"Current Sitemaps","Bieżące mapy witryny"
"Refresh Sitemap List","Odśwież listę map witryny"
"Validation Tips","Wskazówki walidacji"
"Best practices for sitemap validation","Najlepsze praktyki walidacji mapy witryny"
"Validation Rules","Zasady walidacji"
"What will be checked during validation","Co będzie sprawdzane podczas walidacji"
"Validation Progress","Postęp walidacji"
"Initializing validation...","Inicjalizowanie walidacji..."
"Cancel Validation","Anuluj walidację"
"Validation Results","Wyniki walidacji"
"Export Results","Eksportuj wyniki"
"Print Report","Drukuj raport"
"Hide Advanced Options","Ukryj opcje zaawansowane"
"XML Schema Validation","Walidacja schematu XML"
"Validate against official sitemap XSD schema","Waliduj względem oficjalnego schematu XSD mapy witryny"
"Google Guidelines","Wytyczne Google"
"Check compliance with Google sitemap guidelines","Sprawdź zgodność z wytycznymi mapy witryny Google"
"SEO Best Practices","Najlepsze praktyki SEO"
"Validate against SEO optimization recommendations","Waliduj względem rekomendacji optymalizacji SEO"
"Check URL Accessibility","Sprawdź dostępność URL"
"Verify that URLs in sitemap are accessible (slow)","Sprawdź, czy adresy URL w mapie witryny są dostępne (wolne)"
"Validate Image URLs","Waliduj adresy URL obrazów"
"Check image URLs for accessibility and format","Sprawdź adresy URL obrazów pod kątem dostępności i formatu"
"Monitor Response Times","Monitoruj czasy odpowiedzi"
"Measure and report URL response times","Mierz i raportuj czasy odpowiedzi URL"
"Follow Redirects","Śledź przekierowania"
"Follow HTTP redirects when checking URLs","Śledź przekierowania HTTP podczas sprawdzania URL-i"
"Strict Validation Mode","Tryb ścisłej walidacji"
"Apply stricter validation rules (recommended for production)","Zastosuj bardziej rygorystyczne zasady walidacji (zalecane dla produkcji)"
"Max URLs to Check","Maksymalna liczba URL-i do sprawdzenia"
"Maximum number of URLs to validate for accessibility","Maksymalna liczba URL-i do walidacji dostępności"
"Timeout per URL (seconds)","Timeout na URL (sekundy)"
"Maximum time to wait for each URL response","Maksymalny czas oczekiwania na odpowiedź każdego URL"
"Max File Size (MB)","Maksymalny rozmiar pliku (MB)"
"Maximum allowed file size for upload","Maksymalny dozwolony rozmiar pliku do przesłania"
"Validation Timeout (minutes)","Timeout walidacji (minuty)"
"Maximum time allowed for validation process","Maksymalny czas dozwolony dla procesu walidacji"
"Validates sitemap structure against official XML schema","Waliduje strukturę mapy witryny względem oficjalnego schematu XML"
"Valid XML structure and syntax","Poprawna struktura i składnia XML"
"Required elements and attributes","Wymagane elementy i atrybuty"
"Data type validation","Walidacja typu danych"
"Element hierarchy compliance","Zgodność hierarchii elementów"
"Checks compliance with Google Search Console requirements","Sprawdza zgodność z wymaganiami Google Search Console"
"Maximum 50,000 URLs per sitemap","Maksymalnie 50 000 URL-i na mapę witryny"
"Maximum 50MB uncompressed file size","Maksymalnie 50MB nieskompresowanego rozmiaru pliku"
"Valid URL formats and protocols","Prawidłowe formaty URL i protokoły"
"Proper lastmod date formats","Prawidłowe formaty daty lastmod"
"Valid priority and changefreq values","Prawidłowe wartości priorytetu i changefreq"
"Optimizations for better search engine performance","Optymalizacje dla lepszej wydajności w wyszukiwarkach"
"Consistent URL structure","Spójna struktura URL"
"Appropriate priority distribution","Odpowiedni rozkład priorytetów"
"Logical changefreq values","Logiczne wartości changefreq"
"Image sitemap compliance","Zgodność mapy witryny obrazów"
"Hreflang implementation","Implementacja hreflang"
"Mobile-friendly URL structure","Struktura URL przyjazna urządzeniom mobilnym"
"File Size Matters","Rozmiar pliku ma znaczenie"
"Keep sitemap files under 50MB uncompressed for optimal performance.","Utrzymuj pliki map witryny poniżej 50MB nieskompresowane dla optymalnej wydajności."
"URL Accessibility","Dostępność URL"
"Enabling URL accessibility check will increase validation time but provides thorough results.","Włączenie sprawdzania dostępności URL zwiększy czas walidacji, ale zapewni dokładne wyniki."
"Regular Validation","Regularna walidacja"
"Validate your sitemaps regularly, especially after major content changes.","Waliduj swoje mapy witryny regularnie, szczególnie po większych zmianach treści."
"Gzipped Files","Pliki Gzipped"
"Compressed (GZ) sitemap files are automatically decompressed for validation.","Skompresowane pliki map witryny (GZ) są automatycznie dekompresowane do walidacji."
"Sitemap XML","Sitemap XML"
"Przegląd","Przegląd"
"Generowanie","Generowanie"
"Walidacja","Walidacja"
"Analityka","Analityka"
"Sitemap XML - Overview","Sitemap XML - Przegląd"
"Sitemap XML - Generate","Sitemap XML - Generowanie"
"Sitemap XML - Validate","Sitemap XML - Walidacja"
"Sitemap XML - Analytics","Sitemap XML - Analityka"
"Sitemap Management - Overview","Zarządzanie mapami witryny - Przegląd"
"Sitemap Management - Generate","Zarządzanie mapami witryny - Generowanie"
"Sitemap Management - Validate","Zarządzanie mapami witryny - Walidacja"
"Sitemap Management - Analytics","Zarządzanie mapami witryny - Analityka"
"Enable Meta Tags Override","Włącz nadpisywanie meta tagów"
"Override Only Empty Meta Tags","Nadpisuj tylko puste meta tagi"
"Enable meta tags templates to override existing meta tags set in entities.","Włącz szablony meta tagów do nadpisywania istniejących meta tagów ustawionych w encjach."
"If set to Yes, templates will only be applied when meta tags are empty in the entity. If set to No, templates will override all meta tags.","Jeśli ustawione na Tak, szablony będą stosowane tylko gdy meta tagi są puste w encji. Jeśli ustawione na Nie, szablony nadpiszą wszystkie meta tagi."
"Important: Update robots.txt file","Ważne: Zaktualizuj plik robots.txt"
"To help search engines find your sitemaps, add the following lines to your robots.txt file:","Aby pomóc wyszukiwarkom znaleźć Twoje mapy witryny, dodaj następujące linie do pliku robots.txt:"
"Copy to Clipboard","Skopiuj do schowka"
"File location: %1","Lokalizacja pliku: %1"
"Copied!","Skopiowane!"
"Robots.txt content copied to clipboard. You can now paste it into your robots.txt file.","Zawartość robots.txt skopiowana do schowka. Możesz teraz wkleić ją do swojego pliku robots.txt."

"Witaj w Defox SEO Suite Lite","Witaj w Defox SEO Suite Lite"
"A comprehensive SEO solution for your Magento 2 store. Optimize your store for search engines and improve your visibility.","Kompleksowe rozwiązanie SEO dla Twojego sklepu Magento 2. Zoptymalizuj swój sklep dla wyszukiwarek i popraw swoją widoczność."
"Module Features","Funkcje modułu"
"Meta Tag Management","Zarządzanie meta tagami"
"Canonical URLs","Adresy kanoniczne"
"Sitemap Generation","Generowanie mapy witryny"
"Social Media Integration","Integracja z mediami społecznościowymi"
"Cross Linking","Łączenie krzyżowe"
"Image Optimization","Optymalizacja obrazów"
"Multilingual Support","Wsparcie wielojęzyczne"
"AI Integration","Integracja AI"
"Getting Started","Rozpoczynanie pracy"
"Skonfiguruj ustawienia modułu w Sklepy > Konfiguracja > Defox > SEO Suite Lite","Skonfiguruj ustawienia modułu w Sklepy > Konfiguracja > Defox > SEO Suite Lite"
"Set up your business information and social profiles","Skonfiguruj informacje o firmie i profile społecznościowe"
"Create meta tag templates for your products and categories","Stwórz szablony meta tagów dla produktów i kategorii"
"Configure canonical URLs and structured data settings","Skonfiguruj adresy kanoniczne i ustawienia danych strukturalnych"
"Set up sitemaps and cross linking","Skonfiguruj mapy witryny i łączenie krzyżowe"
"Support","Wsparcie"
"For support or questions, please contact us at support@defox.com or visit our website at https://defox.com/support","W celu uzyskania wsparcia lub pytań, skontaktuj się z nami pod adresem support@defox.com lub odwiedź naszą stronę internetową https://defox.com/support"

"-- Please Select --","-- Proszę wybrać --"
"-- Select Entity Type --","-- Wybierz typ encji --"
"All Generations","Wszystkie generowania"
"All Stores","Wszystkie sklepy"
"Always","Zawsze"
"An error occurred while generating preview","Wystąpił błąd podczas generowania podglądu"
"Apply stricter validation rules (recommended for production)","Zastosuj bardziej rygorystyczne zasady walidacji (zalecane dla produkcji)"
"Appropriate priority distribution","Odpowiedni rozkład priorytetów"
"Are you sure you want to delete the template \"${ $.$data.name }\"?","Czy na pewno chcesz usunąć szablon \"${ $.$data.name }\"?"
"Article","Artykuł"
"Automotive Business","Firma motoryzacyjna"
"Back","Wstecz"
"Blog","Blog"
"Business","Firma"
"By Date","Według daty"
"By Hour","Według godziny"
"By Month","Według miesiąca"
"By Store","Według sklepu"
"By Week","Według tygodnia"
"CMS Page","Strona CMS"
"CSV (Excel)","CSV (Excel)"
"Category","Kategoria"
"Click on any variable to copy it to clipboard","Kliknij na dowolną zmienną, aby skopiować ją do schowka"
"Common Issues","Typowe problemy"
"Copied!","Skopiowane!"
"Corporation","Korporacja"
"Custom Range","Zakres niestandardowy"
"Daily","Codziennie"
"Database","Baza danych"
"Delete "${ $.$data.name }"","Usuń "${ $.$data.name }""
"Delete Template","Usuń szablon"
"Delete","Usuń"
"Disable Canonical URL","Wyłącz adres kanoniczny"
"Edit Meta Tag Template","Edytuj szablon meta tagu"
"Edit","Edytuj"
"Educational Organization","Organizacja edukacyjna"
"Empty response from sitemap URL","Pusta odpowiedź z URL mapy witryny"
"Enable sitemap splitting in configuration","Włącz dzielenie mapy witryny w konfiguracji"
"Enter a sitemap URL to validate remotely","Wprowadź URL mapy witryny do zdalnej walidacji"
"Enter entity ID","Wprowadź ID encji"
"Entity ID","ID encji"
"Errors Only","Tylko błędy"
"Errors:","Błędy:"
"Example of a properly formatted sitemap","Przykład poprawnie sformatowanej mapy witryny"
"Examples of common sitemap problems","Przykłady typowych problemów z mapą witryny"
"External Validation Tools","Zewnętrzne narzędzia walidacji"
"Failed to decompress gzipped file","Nie udało się zdekompresować pliku gzipped"
"File System","System plików"
"File size too large","Rozmiar pliku zbyt duży"
"Financial Service","Usługa finansowa"
"First Page (Recommended)","Pierwsza strona (zalecane)"
"Fix Validation Errors","Napraw błędy walidacji"
"Food Establishment","Placówka gastronomiczna"
"Generate Preview","Generuj podgląd"
"Google Sitemap Guidelines","Wytyczne mapy witryny Google"
"Government Organization","Organizacja rządowa"
"Hotel","Hotel"
"Hourly","Co godzinę"
"INDEX, FOLLOW","INDEX, FOLLOW"
"INDEX, NOFOLLOW","INDEX, NOFOLLOW"
"Improve SEO Score","Popraw wynik SEO"
"In Stock","W magazynie"
"Incorrect date formats","Nieprawidłowe formaty dat"
"Invalid AJAX action","Nieprawidłowa akcja AJAX"
"Invalid URL format","Nieprawidłowy format URL"
"Invalid URLs","Nieprawidłowe adresy URL"
"Invalid XML syntax","Nieprawidłowa składnia XML"
"Invalid validation type","Nieprawidłowy typ walidacji"
"JSON","JSON"
"JSON-LD Output","Wynik JSON-LD"
"JSON-LD copied to clipboard. Opening Google Rich Results Test...","JSON-LD skopiowany do schowka. Otwieranie Google Rich Results Test..."
"Large Sitemap File","Duży plik mapy witryny"
"Last 7 Days","Ostatnie 7 dni"
"Last 90 Days","Ostatnie 90 dni"
"Last Year","Ostatni rok"
"Loading...","Ładowanie..."
"Local Business","Lokalna firma"
"Manual Sitemap Generation","Ręczne generowanie mapy witryny"
"Medical Business","Firma medyczna"
"Missing required elements","Brakujące wymagane elementy"
"Missing required parameters: entity_type and entity_id","Brakujące wymagane parametry: entity_type i entity_id"
"Monthly","Miesięcznie"
"NGO (Non-Governmental Organization)","NGO (Organizacja pozarządowa)"
"NOINDEX, FOLLOW","NOINDEX, FOLLOW"
"NOINDEX, NOFOLLOW","NOINDEX, NOFOLLOW"
"Never","Nigdy"
"New Meta Tag Template","Nowy szablon meta tagu"
"No sitemap generation history available. Generate your first sitemap to see statistics.","Brak historii generowania mapy witryny. Wygeneruj pierwszą mapę witryny, aby zobaczyć statystyki."
"No stores have sitemap enabled. Check store-specific settings.","Żaden sklep nie ma włączonej mapy witryny. Sprawdź ustawienia specyficzne dla sklepu."
"No stores have sitemap enabled.","Żaden sklep nie ma włączonej mapy witryny."
"No structured data generated. Check if generators are enabled in configuration.","Brak wygenerowanych danych strukturalnych. Sprawdź, czy generatory są włączone w konfiguracji."
"No variable processor found for entity","Nie znaleziono procesora zmiennych dla encji"
"No variables available for this entity type.","Brak dostępnych zmiennych dla tego typu encji."
"Official Google documentation for sitemaps","Oficjalna dokumentacja Google dla map witryny"
"Online Store","Sklep internetowy"
"Organization (General)","Organizacja (ogólna)"
"Out of Stock","Brak w magazynie"
"Path Based (category/filter-price-10-20/color-red/)","Oparte na ścieżce (category/filter-price-10-20/color-red/)"
"Performance Statistics","Statystyki wydajności"
"Please correct the data sent.","Proszę poprawić wysłane dane."
"Please select entity type and enter entity ID","Proszę wybrać typ encji i wprowadzić ID encji"
"Product Group","Grupa produktów"
"Product Item","Pozycja produktu"
"Product URL (no category)","URL produktu (bez kategorii)"
"Product","Produkt"
"Professional Service","Usługa profesjonalna"
"Query Based (category?price=10-20&color=red)","Oparte na zapytaniu (category?price=10-20&color=red)"
"Recent History","Ostatnia historia"
"Redis (if available)","Redis (jeśli dostępny)"
"Restaurant","Restauracja"
"Review and fix all listed errors","Przejrzyj i napraw wszystkie wymienione błędy"
"Pulpit SEO Suite Lite","Pulpit SEO Suite Lite"
"Save Template","Zapisz szablon"
"Save and Continue Edit","Zapisz i kontynuuj edycję"
"Self (Current Page)","Sama (bieżąca strona)"
"Sitemap XML Schema","Schemat XML mapy witryny"
"Sitemap generation is globally disabled. Check Settings first.","Generowanie mapy witryny jest globalnie wyłączone. Sprawdź najpierw ustawienia."
"Sitemap generation is globally disabled.","Generowanie mapy witryny jest globalnie wyłączone."
"Something went wrong while deleting the template.","Coś poszło nie tak podczas usuwania szablonu."
"Something went wrong while deleting the templates.","Coś poszło nie tak podczas usuwania szablonów."
"Something went wrong while saving the template.","Coś poszło nie tak podczas zapisywania szablonu."
"Something went wrong while updating the templates.","Coś poszło nie tak podczas aktualizacji szablonów."
"Sports Activity Location","Lokalizacja działalności sportowej"
"Store Comparison","Porównanie sklepów"
"Structured Data (Raw)","Dane strukturalne (surowe)"
"Structured Data Preview & Validator","Podgląd i walidator danych strukturalnych"
"Structured Data Preview","Podgląd danych strukturalnych"
"Structured data is valid!","Dane strukturalne są prawidłowe!"
"Successful Only","Tylko udane"
"Technical specification for sitemap format","Specyfikacja techniczna formatu mapy witryny"
"Test Template","Testuj szablon"
"Test in Google Rich Results","Testuj w Google Rich Results"
"Test in Schema.org Validator","Testuj w walidatorze Schema.org"
"The template does not exist.","Szablon nie istnieje."
"This template no longer exists.","Ten szablon już nie istnieje."
"Upload an XML or GZ sitemap file for validation","Prześlij plik mapy witryny XML lub GZ do walidacji"
"Valid Sitemap Example","Przykład prawidłowej mapy witryny"
"Validate the currently generated sitemap for a store","Waliduj aktualnie wygenerowaną mapę witryny dla sklepu"
"Website","Strona internetowa"
"Weekly","Tygodniowo"
"With Longest Category Path","Z najdłuższą ścieżką kategorii"
"With Primary Category","Z kategorią główną"
"With Shortest Category Path","Z najkrótszą ścieżką kategorii"
"XML","XML"
"Yearly","Rocznie"
"You deleted the template.","Usunąłeś szablon."
"You saved the template.","Zapisałeś szablon."
"Your sitemap contains validation errors that must be fixed for proper search engine indexing.","Twoja mapa witryny zawiera błędy walidacji, które muszą być naprawione dla prawidłowej indeksacji przez wyszukiwarki."
"Your sitemap file is quite large. Consider splitting it into multiple files.","Twój plik mapy witryny jest dość duży. Rozważ podzielenie go na wiele plików."
"Your sitemap score is below optimal. Consider implementing the suggested improvements.","Twój wynik mapy witryny jest poniżej optymalnego. Rozważ wdrożenie sugerowanych ulepszeń."

"Product Variables","Zmienne produktu"
"Category Variables","Zmienne kategorii"
"CMS Page Variables","Zmienne strony CMS"
"Store Variables","Zmienne sklepu"
"Website Variables","Zmienne strony internetowej"
"Variables","Zmienne"
"Variable copied to clipboard: ","Zmienna skopiowana do schowka: "
"Failed to copy variable","Nie udało się skopiować zmiennej"

"Address warnings and follow SEO best practices","Usuń ostrzeżenia i postępuj zgodnie z najlepszymi praktykami SEO"
"Enter the complete URL to your sitemap file","Wprowadź pełny URL do pliku mapy witryny"
"Upload XML or GZ sitemap files up to %1MB","Prześlij pliki map witryny XML lub GZ do %1MB"
"Supported formats: %1","Obsługiwane formaty: %1"

"Store name","Nazwa sklepu"
"Store URL","URL sklepu"
"Website name","Nazwa strony internetowej"
"Website URL","URL strony internetowej"
"Product name","Nazwa produktu"
"Product SKU","SKU produktu"
"Product price","Cena produktu"
"Product description","Opis produktu"
"Product short description","Krótki opis produktu"
"Product image URL","URL obrazu produktu"
"Product URL","URL produktu"
"Product category name","Nazwa kategorii produktu"
"Product category description","Opis kategorii produktu"
"Category name","Nazwa kategorii"
"Category description","Opis kategorii"
"Category image URL","URL obrazu kategorii"
"Category URL","URL kategorii"
"Number of products in category","Liczba produktów w kategorii"
"Parent category name","Nazwa kategorii nadrzędnej"
"CMS page title","Tytuł strony CMS"
"CMS page content","Zawartość strony CMS"
"CMS page identifier","Identyfikator strony CMS"
"CMS page URL","URL strony CMS"
"A total of %1 record(s) have been deleted.","Łącznie %1 rekord(ów) zostało usuniętych."
"A total of %1 record(s) have been updated.","Łącznie %1 rekord(ów) zostało zaktualizowanych."
"Add New Template","Dodaj nowy szablon"
"Additional Links Settings","Ustawienia dodatkowych linków"
"Additional Property Mappings","Dodatkowe mapowania właściwości"
"Address Information","Informacje adresowe"
"Advanced Options","Opcje zaawansowane"
"Advanced: Custom schema.org field mappings in JSON format.","Zaawansowane: Niestandardowe mapowania pól schema.org w formacie JSON."
"Alternate Name","Nazwa alternatywna"
"Alternative name for your website (e.g., commonly used abbreviation).","Alternatywna nazwa dla Twojej witryny (np. powszechnie używany skrót)."
"An unexpected error occurred: %1","Wystąpił nieoczekiwany błąd: %1"
"Are you sure you want to delete the template","Czy na pewno chcesz usunąć szablon"
"Are you sure you want to delete this template?","Czy na pewno chcesz usunąć ten szablon?"
"Area Served","Obszar obsługi"
"Attribute URL Map","Mapa URL atrybutów"
"Automatically notify search engines after sitemap generation.","Automatycznie powiadamiaj wyszukiwarki po wygenerowaniu mapy witryny."
"Available Languages","Dostępne języki"
"Available Variables by Entity Type","Dostępne zmienne według typu encji"
"Brand Attribute","Atrybut marki"
"Brief description of your organization.","Krótki opis Twojej organizacji."
"CMS Page Settings","Ustawienia stron CMS"
"Cache Lifetime","Czas życia pamięci podręcznej"
"Cache lifetime in seconds. Default: 86400 (24 hours)","Czas życia pamięci podręcznej w sekundach. Domyślnie: 86400 (24 godziny)"
"Canonical Cache Lifetime","Czas życia pamięci podręcznej adresów kanonicznych"
"Category Pagination Canonical Type","Typ adresu kanonicznego paginacji kategorii"
"Category Product Limit","Limit produktów kategorii"
"Category Settings","Ustawienia kategorii"
"Change Frequency","Częstotliwość zmian"
"Character to use as separator between attribute and value.","Znak używany jako separator między atrybutem a wartością."
"Character to use as separator between filters.","Znak używany jako separator między filtrami."
"Character to use as separator between multiple values of the same attribute.","Znak używany jako separator między wieloma wartościami tego samego atrybutu."
"Comma-separated list of ISO 639-1 language codes (e.g., en,pl,de).","Lista kodów języków ISO 639-1 rozdzielonych przecinkami (np. en,pl,de)."
"Comma-separated list of countries or regions served.","Lista krajów lub regionów obsługiwanych, rozdzielonych przecinkami."
"Comma-separated list of page identifiers to exclude from sitemap.","Lista identyfikatorów stron do wykluczenia z mapy witryny, rozdzielonych przecinkami."
"Comprehensive (All Meta Tags)","Kompleksowy (wszystkie meta tagi)"
"Compress sitemap files using gzip to reduce size.","Kompresuj pliki map witryny przy użyciu gzip, aby zmniejszyć rozmiar."
"Condition Attribute","Atrybut stanu"
"Contact Information","Informacje kontaktowe"
"Could not delete the template: %1","Nie można usunąć szablonu: %1"
"Could not save the template: %1","Nie można zapisać szablonu: %1"
"Created","Utworzono"
"Cron Schedule","Harmonogram Cron"
"Cron expression for automatic generation. Default: 0 2 * * * (daily at 2 AM)","Wyrażenie Cron dla automatycznego generowania. Domyślnie: 0 2 * * * (codziennie o 2:00)"
"Current sitemap validation failed: %1","Walidacja bieżącej mapy witryny nie powiodła się: %1"
"Custom Attribute Mappings","Niestandardowe mapowania atrybutów"
"Custom Links","Niestandardowe linki"
"Custom URLs to include in sitemap (one per line). Format: URL|priority|changefreq","Niestandardowe adresy URL do uwzględnienia w mapie witryny (jeden na linię). Format: URL|priorytet|częstotliwość_zmian"
"Custom search URL pattern. Use {base_url} and {search_term} as placeholders.","Niestandardowy wzorzec URL wyszukiwania. Użyj {base_url} i {search_term} jako symboli zastępczych."
"Customer Service Email","Email obsługi klienta"
"Customer Service Phone","Telefon obsługi klienta"
"Date when the organization was founded (YYYY-MM-DD).","Data założenia organizacji (RRRR-MM-DD)."
"Defox","Defox"
"Pamięć podręczna adresów kanonicznych Defox SEO Suite Lite","Pamięć podręczna adresów kanonicznych Defox SEO Suite Lite"
"Pamięć podręczna mapy witryny Defox SEO Suite Lite","Pamięć podręczna mapy witryny Defox SEO Suite Lite"
"Pamięć podręczna danych strukturalnych Defox SEO Suite Lite","Pamięć podręczna danych strukturalnych Defox SEO Suite Lite"
"Delete templates","Usuń szablony"
"Description","Opis"
"Disable","Wyłącz"
"Enable","Włącz"
"Enable Additional Links in Sitemap","Włącz dodatkowe linki w mapie witryny"
"Enable CMS Pages in Sitemap","Włącz strony CMS w mapie witryny"
"Enable Canonical Cache","Włącz pamięć podręczną adresów kanonicznych"
"Enable Categories in Sitemap","Włącz kategorie w mapie witryny"
"Enable Friendly URLs for Filters","Włącz przyjazne adresy URL dla filtrów"
"Enable Google Sitelinks Searchbox for your website.","Włącz pole wyszukiwania Google Sitelinks dla Twojej witryny."
"Enable Gzip Compression","Włącz kompresję Gzip"
"Enable Meta Tags Templates","Włącz szablony meta tagów"
"Enable Organization Data","Włącz dane organizacji"
"Enable Products in Sitemap","Włącz produkty w mapie witryny"
"Włącz SEO Suite Lite","Włącz SEO Suite Lite"
"Enable Sitelinks Searchbox","Włącz pole wyszukiwania Sitelinks"
"Enable Structured Data Cache","Włącz pamięć podręczną danych strukturalnych"
"Enable Website Data","Włącz dane witryny"
"Enable XML Sitemap","Włącz mapę witryny XML"
"Enable caching for structured data. Recommended for performance.","Włącz buforowanie danych strukturalnych. Zalecane dla wydajności."
"Enable for Categories","Włącz dla kategorii"
"Enable for Products","Włącz dla produktów"
"Enable or disable XML sitemap generation.","Włącz lub wyłącz generowanie mapy witryny XML."
"Enable or disable caching for canonical URLs. Recommended for performance.","Włącz lub wyłącz buforowanie adresów kanonicznych. Zalecane dla wydajności."
"Enable or disable canonical URLs for category pages.","Włącz lub wyłącz adresy kanoniczne dla stron kategorii."
"Enable or disable canonical URLs for product pages.","Włącz lub wyłącz adresy kanoniczne dla stron produktów."
"Enable or disable canonical URLs functionality.","Włącz lub wyłącz funkcjonalność adresów kanonicznych."
"Enable or disable friendly URLs for category filters.","Włącz lub wyłącz przyjazne adresy URL dla filtrów kategorii."
"Enable or disable meta tags templates functionality.","Włącz lub wyłącz funkcjonalność szablonów meta tagów."
"Enable or disable structured data generation (JSON-LD format).","Włącz lub wyłącz generowanie danych strukturalnych (format JSON-LD)."
"Włącz lub wyłącz cały moduł SEO Suite Lite.","Włącz lub wyłącz cały moduł SEO Suite Lite."
"Enter URL patterns to exclude from canonical tags (one per line). Use * as a wildcard.","Wprowadź wzorce URL do wykluczenia z tagów kanonicznych (jeden na linię). Użyj * jako symbolu wieloznacznego."
"Entity not found: %1 with ID %2","Encja nie znaleziona: %1 z ID %2"
"Error Notifications","Powiadomienia o błędach"
"Error generating sitemap: %1","Błąd generowania mapy witryny: %1"
"Error generating structured data: %1","Błąd generowania danych strukturalnych: %1"
"Error loading dashboard data: %1","Błąd ładowania danych pulpitu: %1"
"Error loading entity: %1","Błąd ładowania encji: %1"
"Error rendering JSON-LD: %1","Błąd renderowania JSON-LD: %1"
"Exclude Anchor Categories","Wyklucz kategorie kotwicy"
"Exclude Inactive Categories","Wyklucz nieaktywne kategorie"
"Exclude Invisible Products","Wyklucz niewidoczne produkty"
"Exclude Out of Stock Products","Wyklucz produkty niedostępne w magazynie"
"Exclude System Pages","Wyklucz strony systemowe"
"Exclude URL Patterns","Wyklucz wzorce URL"
"Exclude anchor categories from sitemap.","Wyklucz kategorie kotwicy z mapy witryny."
"Exclude inactive categories from sitemap.","Wyklucz nieaktywne kategorie z mapy witryny."
"Exclude out of stock products from sitemap.","Wyklucz produkty niedostępne w magazynie z mapy witryny."
"Exclude products with 'Not Visible Individually' visibility.","Wyklucz produkty z widocznością 'Niewidoczne indywidualnie'."
"Exclude system pages (404, cookies, etc.) from sitemap.","Wyklucz strony systemowe (404, ciasteczka, itp.) z mapy witryny."
"Excluded CMS Pages","Wykluczone strony CMS"
"Excluded Page Identifiers","Wykluczone identyfikatory stron"
"Excluded Product Types","Wykluczone typy produktów"
"Facebook URL","URL Facebook"
"Fatal error during generation: %1","Błąd krytyczny podczas generowania: %1"
"File size exceeds maximum limit of %1MB","Rozmiar pliku przekracza maksymalny limit %1MB"
"File upload validation failed: %1","Walidacja przesyłania pliku nie powiodła się: %1"
"Files generated:","Wygenerowane pliki:"
"Filter Separator","Separator filtrów"
"Founding Date","Data założenia"
"Friendly URLs","Przyjazne adresy URL"
"Full URL to your organization logo.","Pełny adres URL do logo Twojej organizacji."
"GTIN-13/EAN Attribute","Atrybut GTIN-13/EAN"
"GTIN-14 Attribute","Atrybut GTIN-14"
"GTIN-8 Attribute","Atrybut GTIN-8"
"Generate structured data for category pages.","Generuj dane strukturalne dla stron kategorii."
"Generate structured data for product pages.","Generuj dane strukturalne dla stron produktów."
"Generation Settings","Ustawienia generowania"
"Generation completed with %1 errors","Generowanie zakończone z %1 błędami"
"Generation failed:","Generowanie nie powiodło się:"
"Google","Google"
"How frequently CMS pages are likely to change.","Jak często strony CMS prawdopodobnie się zmienią."
"How frequently additional links are likely to change.","Jak często dodatkowe linki prawdopodobnie się zmienią."
"How frequently category pages are likely to change.","Jak często strony kategorii prawdopodobnie się zmienią."
"How frequently product pages are likely to change.","Jak często strony produktów prawdopodobnie się zmienią."
"ID","ID"
"ISO 3166-1 alpha-2 country code (e.g., US, GB, PL).","Kod kraju ISO 3166-1 alpha-2 (np. US, GB, PL)."
"If enabled, canonical URLs will be used for filtered category pages.","Jeśli włączone, adresy kanoniczne będą używane dla filtrowanych stron kategorii."
"If enabled, canonical URLs will be used for paginated category pages.","Jeśli włączone, adresy kanoniczne będą używane dla stron kategorii z paginacją."
"If enabled, canonical tags will not be added to anchor categories.","Jeśli włączone, tagi kanoniczne nie będą dodawane do kategorii kotwicy."
"If enabled, canonical tags will not be added to products with 'Not Visible Individually' visibility.","Jeśli włączone, tagi kanoniczne nie będą dodawane do produktów z widocznością 'Niewidoczne indywidualnie'."
"Include CMS pages in sitemap generation.","Uwzględnij strony CMS w generowaniu mapy witryny."
"Include Product Images","Uwzględnij obrazy produktów"
"Include Product List in Categories","Uwzględnij listę produktów w kategoriach"
"Include Reviews","Uwzględnij recenzje"
"Include additional custom links in sitemap generation.","Uwzględnij dodatkowe niestandardowe linki w generowaniu mapy witryny."
"Include categories in sitemap generation.","Uwzględnij kategorie w generowaniu mapy witryny."
"Include hreflang tags for multilingual sitemaps.","Uwzględnij tagi hreflang dla wielojęzycznych map witryny."
"Include organization information in structured data.","Uwzględnij informacje o organizacji w danych strukturalnych."
"Include product images in sitemap entries.","Uwzględnij obrazy produktów w pozycjach mapy witryny."
"Include product list in category structured data.","Uwzględnij listę produktów w danych strukturalnych kategorii."
"Include product reviews in structured data.","Uwzględnij recenzje produktów w danych strukturalnych."
"Include products in sitemap generation.","Uwzględnij produkty w generowaniu mapy witryny."
"Include website information in structured data.","Uwzględnij informacje o witrynie w danych strukturalnych."
"Instagram URL","URL Instagram"
"Invalid AJAX action: %1","Nieprawidłowa akcja AJAX: %1"
"Invalid entity type: %1","Nieprawidłowy typ encji: %1"
"Last 30 Days","Ostatnie 30 dni"
"LinkedIn URL","URL LinkedIn"
"Logo URL","URL logo"
"MPN Attribute","Atrybut MPN"
"Map additional product attributes to schema.org properties. Format: property_name=attribute_code (one per line).","Mapuj dodatkowe atrybuty produktów na właściwości schema.org. Format: nazwa_właściwości=kod_atrybutu (jeden na linię)."
"Map attribute codes to friendly URL keys. Format: attribute_code=friendly_name (one per line)","Mapuj kody atrybutów na przyjazne klucze URL. Format: kod_atrybutu=przyjazna_nazwa (jeden na linię)"
"Maximum Category Depth","Maksymalna głębokość kategorii"
"Maximum category depth to include (0 = no limit).","Maksymalna głębokość kategorii do uwzględnienia (0 = bez ograniczeń)."
"Maximum number of products to include in category structured data.","Maksymalna liczba produktów do uwzględnienia w danych strukturalnych kategorii."
"Meta Description Only","Tylko meta opis"
"Meta Keywords Only","Tylko meta słowa kluczowe"
"Meta Robots Only","Tylko meta robots"
"Meta Tag Template Information","Informacje o szablonie meta tagów"
"Meta Tags","Meta tagi"
"Meta Title Only","Tylko meta tytuł"
"Model Attribute","Atrybut modelu"
"Modified","Zmodyfikowano"
"Multi-Value Separator","Separator wielowartościowy"
"Name","Nazwa"
"No variable processor found for entity type: %1","Nie znaleziono procesora zmiennych dla typu encji: %1"
"No variable processor found for entity: %1","Nie znaleziono procesora zmiennych dla encji: %1"
"Open Graph Only","Tylko Open Graph"
"Organization Information","Informacje o organizacji"
"Organization Name","Nazwa organizacji"
"Organization Type","Typ organizacji"
"Organization tax identification number.","Numer identyfikacji podatkowej organizacji."
"Override Meta Description","Nadpisz meta opis"
"Override Meta Keywords","Nadpisz meta słowa kluczowe"
"Override Meta Title","Nadpisz meta tytuł"
"Override existing meta description even if it's already set.","Nadpisz istniejący meta opis, nawet jeśli jest już ustawiony."
"Override existing meta keywords even if it's already set.","Nadpisz istniejące meta słowa kluczowe, nawet jeśli są już ustawione."
"Override existing meta title even if it's already set.","Nadpisz istniejący meta tytuł, nawet jeśli jest już ustawiony."
"Page Variables","Zmienne strony"
"Parent Category Variables","Zmienne kategorii nadrzędnej"
"Path relative to Magento root directory where sitemap files will be stored. Default: media/maps/","Ścieżka względem katalogu głównego Magento, gdzie będą przechowywane pliki mapy witryny. Domyślnie: media/maps/"
"Pinterest URL","URL Pinterest"
"Priority of CMS pages relative to other URLs (0.0 to 1.0).","Priorytet stron CMS względem innych adresów URL (0.0 do 1.0)."
"Priority of additional links relative to other URLs (0.0 to 1.0).","Priorytet dodatkowych linków względem innych adresów URL (0.0 do 1.0)."
"Priority of category pages relative to other URLs (0.0 to 1.0).","Priorytet stron kategorii względem innych adresów URL (0.0 do 1.0)."
"Priority of product pages relative to other URLs (0.0 to 1.0).","Priorytet stron produktów względem innych adresów URL (0.0 do 1.0)."
"Processing:","Przetwarzanie:"
"Processor class %1 must implement %2","Klasa procesora %1 musi implementować %2"
"Product Attribute Mapping","Mapowanie atrybutów produktu"
"Product Canonical URL Type","Typ kanonicznego adresu URL produktu"
"Product Settings","Ustawienia produktów"
"Product types to exclude from sitemap.","Typy produktów do wykluczenia z mapy witryny."
"Sales Email","Email sprzedaży"
"Sales Phone","Telefon sprzedaży"
"Search URL Pattern","Wzorzec URL wyszukiwania"
"Select CMS pages that should not have canonical tags.","Wybierz strony CMS, które nie powinny mieć tagów kanonicznych."
"Select product types that should not have canonical tags.","Wybierz typy produktów, które nie powinny mieć tagów kanonicznych."
"Select the attribute to use for GTIN-13/EAN (13-digit barcode).","Wybierz atrybut do użycia dla GTIN-13/EAN (13-cyfrowy kod kreskowy)."
"Select the attribute to use for GTIN-14 (14-digit barcode).","Wybierz atrybut do użycia dla GTIN-14 (14-cyfrowy kod kreskowy)."
"Select the attribute to use for GTIN-8 (8-digit barcode).","Wybierz atrybut do użycia dla GTIN-8 (8-cyfrowy kod kreskowy)."
"Select the attribute to use for Manufacturer Part Number.","Wybierz atrybut do użycia dla numeru części producenta."
"Select the attribute to use for product brand.","Wybierz atrybut do użycia dla marki produktu."
"Select the attribute to use for product condition (new/used/refurbished).","Wybierz atrybut do użycia dla stanu produktu (nowy/używany/odnowiony)."
"Select the attribute to use for product model.","Wybierz atrybut do użycia dla modelu produktu."
"Select the pattern for friendly URLs.","Wybierz wzorzec dla przyjaznych adresów URL."
"Select the type of canonical URL to use for paginated category pages.","Wybierz typ kanonicznego adresu URL do użycia dla stron kategorii z paginacją."
"Select the type of canonical URL to use for products.","Wybierz typ kanonicznego adresu URL do użycia dla produktów."
"Select the type of organization.","Wybierz typ organizacji."
"Send email notifications when sitemap generation fails.","Wysyłaj powiadomienia email, gdy generowanie mapy witryny się nie powiedzie."
"Sitemap Path","Ścieżka mapy witryny"
"Sitemap directory","Katalog mapy witryny"
"Sitemap file not found for store %1. Generate sitemap first.","Plik mapy witryny nie znaleziony dla sklepu %1. Najpierw wygeneruj mapę witryny."
"State/Region","Województwo/Region"
"Stores processed:","Przetworzonych sklepów:"
"Structured Data (JSON-LD)","Dane strukturalne (JSON-LD)"
"Success rate:","Wskaźnik sukcesu:"
"Successfully generated %1 sitemap files","Pomyślnie wygenerowano %1 plików mapy witryny"
"Successfully generated %1 sitemap files for %2 stores","Pomyślnie wygenerowano %1 plików mapy witryny dla %2 sklepów"
"Tax ID","ID podatkowe"
"Tech Support Email","Email wsparcia technicznego"
"Tech Support Phone","Telefon wsparcia technicznego"
"Template with id","Szablon z ID"
"This section requires 'Enable Structured Data' and 'Enable Organization Data' to be set to Yes.","Ta sekcja wymaga ustawienia 'Włącz dane strukturalne' i 'Włącz dane organizacji' na Tak."
"This section requires 'Enable Structured Data' and 'Enable Website Data' to be set to Yes.","Ta sekcja wymaga ustawienia 'Włącz dane strukturalne' i 'Włącz dane witryny' na Tak."
"This section requires 'Enable Structured Data' and 'Enable for Products' to be set to Yes.","Ta sekcja wymaga ustawienia 'Włącz dane strukturalne' i 'Włącz dla produktów' na Tak."
"TikTok URL","URL TikTok"
"Twitter/X URL","URL Twitter/X"
"Type","Typ"
"URL Pattern","Wzorzec URL"
"URL validation failed: %1","Walidacja URL nie powiodła się: %1"
"Unable to access sitemap URL. HTTP status: %1","Nie można uzyskać dostępu do URL mapy witryny. Status HTTP: %1"
"Use Canonical for Category Filters","Użyj kanonicznych dla filtrów kategorii"
"Use Canonical for Category Pagination","Użyj kanonicznych dla paginacji kategorii"
"VAT ID","NIP"
"VAT identification number.","Numer identyfikacji VAT."
"Waliduj mapę witryny - SEO Suite Lite","Waliduj mapę witryny - SEO Suite Lite"
"Validation failed: %1","Walidacja nie powiodła się: %1"
"Value Separator","Separator wartości"
"Variable copied to clipboard:","Zmienna skopiowana do schowka:"
"Warnings:","Ostrzeżenia:"
"We can't","Nie możemy"
"Website Information","Informacje o witrynie"
"YouTube URL","URL YouTube"
"Your organization/company name.","Nazwa Twojej organizacji/firmy."
